variant_id,gene,protein,tier,source_id,locator,parameter,variant_raw,wt_raw,unit,variant_n,normalized_ratio,ratio_definition,ratio_status,source_url
GRIN2A:c.1447G>A:p.Gly483Arg,GRIN2A,p.Gly483Arg,core_likely_reduced,swanger2016,"Table 2, GRIN2A-p.Gly483Arg row; Table 3, same variant row.",glutamate EC50,54 ± 6.3,3.4 ± 0.11 µM; n=51,µM,10,0.06296296296296296,WT EC50 / variant EC50 (agonist potency),derived_from_reported_central_values,https://pmc.ncbi.nlm.nih.gov/articles/PMC5142120/
GRIN2A:c.1447G>A:p.Gly483Arg,GRIN2A,p.Gly483Arg,core_likely_reduced,swanger2016,"Table 2, GRIN2A-p.Gly483Arg row; Table 3, same variant row.",glycine EC50,1.5 ± 0.12,1.2 ± 0.05 µM; n=76,µM,16,0.7999999999999999,WT EC50 / variant EC50 (agonist potency),derived_from_reported_central_values,https://pmc.ncbi.nlm.nih.gov/articles/PMC5142120/
GRIN2A:c.1447G>A:p.Gly483Arg,GRIN2A,p.Gly483Arg,core_likely_reduced,swanger2016,"Table 2, GRIN2A-p.Gly483Arg row; Table 3, same variant row.",weighted deactivation time constant (τw),20 ± 3.0,56 ± 3.6 ms; n=47,ms,10,0.35714285714285715,variant central value / WT central value,derived_from_reported_central_values,https://pmc.ncbi.nlm.nih.gov/articles/PMC5142120/
GRIN2A:c.1447G>A:p.Gly483Arg,GRIN2A,p.Gly483Arg,core_likely_reduced,swanger2016,"Table 2, GRIN2A-p.Gly483Arg row; Table 3, same variant row.",peak current density,30 ± 11,136 ± 19 pA/pF; n=41,pA/pF,10,0.22058823529411764,variant central value / WT central value,derived_from_reported_central_values,https://pmc.ncbi.nlm.nih.gov/articles/PMC5142120/
GRIN2A:c.2146G>A:p.Ala716Thr,GRIN2A,p.Ala716Thr,core_likely_reduced,swanger2016,"Table 2, GRIN2A-p.Ala716Thr row; Table 3, same variant row.",glutamate EC50,20 ± 1.9,3.4 ± 0.11 µM; n=51,µM,10,0.16999999999999998,WT EC50 / variant EC50 (agonist potency),derived_from_reported_central_values,https://pmc.ncbi.nlm.nih.gov/articles/PMC5142120/
GRIN2A:c.2146G>A:p.Ala716Thr,GRIN2A,p.Ala716Thr,core_likely_reduced,swanger2016,"Table 2, GRIN2A-p.Ala716Thr row; Table 3, same variant row.",glycine EC50,1.3 ± 0.09,1.2 ± 0.05 µM; n=76,µM,11,0.923076923076923,WT EC50 / variant EC50 (agonist potency),derived_from_reported_central_values,https://pmc.ncbi.nlm.nih.gov/articles/PMC5142120/
GRIN2A:c.2146G>A:p.Ala716Thr,GRIN2A,p.Ala716Thr,core_likely_reduced,swanger2016,"Table 2, GRIN2A-p.Ala716Thr row; Table 3, same variant row.",weighted deactivation time constant (τw),32 ± 3.6,56 ± 3.6 ms; n=47,ms,13,0.5714285714285714,variant central value / WT central value,derived_from_reported_central_values,https://pmc.ncbi.nlm.nih.gov/articles/PMC5142120/
GRIN2A:c.2146G>A:p.Ala716Thr,GRIN2A,p.Ala716Thr,core_likely_reduced,swanger2016,"Table 2, GRIN2A-p.Ala716Thr row; Table 3, same variant row.",peak current density,63 ± 15,136 ± 19 pA/pF; n=41,pA/pF,14,0.4632352941176471,variant central value / WT central value,derived_from_reported_central_values,https://pmc.ncbi.nlm.nih.gov/articles/PMC5142120/
GRIN2A:c.2191G>A:p.Asp731Asn,GRIN2A,p.Asp731Asn,core_likely_reduced,swanger2016,"Table 2, GRIN2A-p.Asp731Asn row; Table 3, same variant row.",glutamate EC50,"6,418 ± 278",3.4 ± 0.11 µM; n=51,µM,7,0.0005297600498597694,WT EC50 / variant EC50 (agonist potency),derived_from_reported_central_values,https://pmc.ncbi.nlm.nih.gov/articles/PMC5142120/
GRIN2A:c.2191G>A:p.Asp731Asn,GRIN2A,p.Asp731Asn,core_likely_reduced,swanger2016,"Table 2, GRIN2A-p.Asp731Asn row; Table 3, same variant row.",glycine EC50,1.5 ± 0.26,1.2 ± 0.05 µM; n=76,µM,10,0.7999999999999999,WT EC50 / variant EC50 (agonist potency),derived_from_reported_central_values,https://pmc.ncbi.nlm.nih.gov/articles/PMC5142120/
GRIN2A:c.2191G>A:p.Asp731Asn,GRIN2A,p.Asp731Asn,core_likely_reduced,swanger2016,"Table 2, GRIN2A-p.Asp731Asn row; Table 3, same variant row.",weighted deactivation time constant (τw),,56 ± 3.6 ms; n=47,ms,,,,not_calculable,https://pmc.ncbi.nlm.nih.gov/articles/PMC5142120/
GRIN2A:c.2191G>A:p.Asp731Asn,GRIN2A,p.Asp731Asn,core_likely_reduced,swanger2016,"Table 2, GRIN2A-p.Asp731Asn row; Table 3, same variant row.",peak current density,0.22 ± 0.16,136 ± 19 pA/pF; n=41,pA/pF,5,0.0016176470588235294,variant central value / WT central value,derived_from_reported_central_values,https://pmc.ncbi.nlm.nih.gov/articles/PMC5142120/
GRIN2B:c.1238A>G:p.Glu413Gly,GRIN2B,p.Glu413Gly,core_likely_reduced,swanger2016,"Table 2, GRIN2B-p.Glu413Gly row; Table 3, same variant row.",glutamate EC50,79 ± 5.3,1.5 ± 0.07 µM; n=57,µM,12,0.0189873417721519,WT EC50 / variant EC50 (agonist potency),derived_from_reported_central_values,https://pmc.ncbi.nlm.nih.gov/articles/PMC5142120/
GRIN2B:c.1238A>G:p.Glu413Gly,GRIN2B,p.Glu413Gly,core_likely_reduced,swanger2016,"Table 2, GRIN2B-p.Glu413Gly row; Table 3, same variant row.",glycine EC50,0.32 ± 0.02,0.38 ± 0.03 µM; n=47,µM,8,1.1875,WT EC50 / variant EC50 (agonist potency),derived_from_reported_central_values,https://pmc.ncbi.nlm.nih.gov/articles/PMC5142120/
GRIN2B:c.1238A>G:p.Glu413Gly,GRIN2B,p.Glu413Gly,core_likely_reduced,swanger2016,"Table 2, GRIN2B-p.Glu413Gly row; Table 3, same variant row.",weighted deactivation time constant (τw),20 ± 1.3,570 ± 23 ms; n=35,ms,9,0.03508771929824561,variant central value / WT central value,derived_from_reported_central_values,https://pmc.ncbi.nlm.nih.gov/articles/PMC5142120/
GRIN2B:c.1238A>G:p.Glu413Gly,GRIN2B,p.Glu413Gly,core_likely_reduced,swanger2016,"Table 2, GRIN2B-p.Glu413Gly row; Table 3, same variant row.",peak current density,3.3 ± 1.3,41 ± 5.0 pA/pF; n=31,pA/pF,8,0.08048780487804878,variant central value / WT central value,derived_from_reported_central_values,https://pmc.ncbi.nlm.nih.gov/articles/PMC5142120/
GRIN2B:c.1382G>T:p.Cys461Phe,GRIN2B,p.Cys461Phe,provisional_possible_reduced,swanger2016,"Table 2, GRIN2B-p.Cys461Phe row; Table 3, same variant row.",glutamate EC50,169 ± 9.0,1.5 ± 0.07 µM; n=57,µM,14,0.008875739644970414,WT EC50 / variant EC50 (agonist potency),derived_from_reported_central_values,https://pmc.ncbi.nlm.nih.gov/articles/PMC5142120/
GRIN2B:c.1382G>T:p.Cys461Phe,GRIN2B,p.Cys461Phe,provisional_possible_reduced,swanger2016,"Table 2, GRIN2B-p.Cys461Phe row; Table 3, same variant row.",glycine EC50,0.15 ± 0.007,0.38 ± 0.03 µM; n=47,µM,8,2.5333333333333337,WT EC50 / variant EC50 (agonist potency),derived_from_reported_central_values,https://pmc.ncbi.nlm.nih.gov/articles/PMC5142120/
GRIN2B:c.1382G>T:p.Cys461Phe,GRIN2B,p.Cys461Phe,provisional_possible_reduced,swanger2016,"Table 2, GRIN2B-p.Cys461Phe row; Table 3, same variant row.",weighted deactivation time constant (τw),28 ± 1.8,570 ± 23 ms; n=35,ms,6,0.04912280701754386,variant central value / WT central value,derived_from_reported_central_values,https://pmc.ncbi.nlm.nih.gov/articles/PMC5142120/
GRIN2B:c.1382G>T:p.Cys461Phe,GRIN2B,p.Cys461Phe,provisional_possible_reduced,swanger2016,"Table 2, GRIN2B-p.Cys461Phe row; Table 3, same variant row.",peak current density,4.2 ± 1.0,41 ± 5.0 pA/pF; n=31,pA/pF,6,0.10243902439024391,variant central value / WT central value,derived_from_reported_central_values,https://pmc.ncbi.nlm.nih.gov/articles/PMC5142120/
GRIN2B:c.1623C>G:p.Ser541Arg,GRIN2B,p.Ser541Arg,core_likely_reduced,platzer2017,"Table 3, S541R row.",glutamate EC50,10 ± 1.7,1.5 ± 0.08 µM; n=44,µM,10,0.15,WT EC50 / variant EC50 (agonist potency),derived_from_reported_central_values,https://pmc.ncbi.nlm.nih.gov/articles/PMC5656050/
GRIN2B:c.1623C>G:p.Ser541Arg,GRIN2B,p.Ser541Arg,core_likely_reduced,platzer2017,"Table 3, S541R row.",glycine EC50,1.0 ± 0.15,0.35 ± 0.02 µM; n=41,µM,9,0.35,WT EC50 / variant EC50 (agonist potency),derived_from_reported_central_values,https://pmc.ncbi.nlm.nih.gov/articles/PMC5656050/
GRIN2B:c.1623C>G:p.Ser541Arg,GRIN2B,p.Ser541Arg,core_likely_reduced,platzer2017,"Table 3, S541R row.",Mg2+ IC50,18 ± 1.8,25 ± 2.7 µM; n=33,µM,9,0.72,variant central value / WT central value,derived_from_reported_central_values,https://pmc.ncbi.nlm.nih.gov/articles/PMC5656050/
GRIN2B:c.1623C>G:p.Ser541Arg,GRIN2B,p.Ser541Arg,core_likely_reduced,platzer2017,"Table 3, S541R row.",current at pH 6.8 / pH 7.6,17 ± 0.4,15 ± 0.5%; n=47,%,13,1.1333333333333333,variant central value / WT central value,derived_from_reported_central_values,https://pmc.ncbi.nlm.nih.gov/articles/PMC5656050/
GRIN2B:c.1623C>G:p.Ser541Arg,GRIN2B,p.Ser541Arg,core_likely_reduced,xie2023,"Tables 2–4, GRIN2B-S541R row; WT 1a/2B comparator in GluN2B section of Table 2 and WT 2B in Table 3.",glutamate EC50,"9.1 [7.2, 11]","1.3 [1.2, 1.4] µM; n=68",µM; 95% CI,16,0.14285714285714288,WT EC50 / variant EC50 (agonist potency),derived_from_reported_central_values,https://pmc.ncbi.nlm.nih.gov/articles/PMC10641759/
GRIN2B:c.1623C>G:p.Ser541Arg,GRIN2B,p.Ser541Arg,core_likely_reduced,xie2023,"Tables 2–4, GRIN2B-S541R row; WT 1a/2B comparator in GluN2B section of Table 2 and WT 2B in Table 3.",glycine EC50,"1.0 [0.71, 1.4]","0.34 [0.31, 0.37] µM; n=68",µM; 95% CI,17,0.34,WT EC50 / variant EC50 (agonist potency),derived_from_reported_central_values,https://pmc.ncbi.nlm.nih.gov/articles/PMC10641759/
GRIN2B:c.1623C>G:p.Ser541Arg,GRIN2B,p.Ser541Arg,core_likely_reduced,xie2023,"Tables 2–4, GRIN2B-S541R row; WT 1a/2B comparator in GluN2B section of Table 2 and WT 2B in Table 3.",Mg2+ IC50,"18 [15, 22]","27 [23, 32] µM; n=57",µM; 95% CI,12,0.6666666666666666,variant central value / WT central value,derived_from_reported_central_values,https://pmc.ncbi.nlm.nih.gov/articles/PMC10641759/
GRIN2B:c.1623C>G:p.Ser541Arg,GRIN2B,p.Ser541Arg,core_likely_reduced,xie2023,"Tables 2–4, GRIN2B-S541R row; WT 1a/2B comparator in GluN2B section of Table 2 and WT 2B in Table 3.",weighted deactivation time constant (τw),142 ± 24,1061 ± 91 ms; n=16,ms,8,0.13383600377002827,variant central value / WT central value,derived_from_reported_central_values,https://pmc.ncbi.nlm.nih.gov/articles/PMC10641759/
GRIN2B:c.1623C>G:p.Ser541Arg,GRIN2B,p.Ser541Arg,core_likely_reduced,xie2023,"Tables 2–4, GRIN2B-S541R row; WT 1a/2B comparator in GluN2B section of Table 2 and WT 2B in Table 3.",peak current density,3.6 ± 1.7,19 ± 3.6 pA/pF; n=16,pA/pF,8,0.18947368421052632,variant central value / WT central value,derived_from_reported_central_values,https://pmc.ncbi.nlm.nih.gov/articles/PMC10641759/
GRIN2B:c.1623C>G:p.Ser541Arg,GRIN2B,p.Ser541Arg,core_likely_reduced,xie2023,"Tables 2–4, GRIN2B-S541R row; WT 1a/2B comparator in GluN2B section of Table 2 and WT 2B in Table 3.",channel open probability (MTSEA method),0.014 ± 0.001,0.026 ± 0.001; n=45,unitless,20,0.5384615384615385,variant central value / WT central value,derived_from_reported_central_values,https://pmc.ncbi.nlm.nih.gov/articles/PMC10641759/
GRIN2B:c.1623C>G:p.Ser541Arg,GRIN2B,p.Ser541Arg,core_likely_reduced,xie2023,"Tables 2–4, GRIN2B-S541R row; WT 1a/2B comparator in GluN2B section of Table 2 and WT 2B in Table 3.",surface/total receptor ratio,111 ± 3.2,100% of WT; n=87,% of WT,9,1.11,variant central value / WT central value,derived_from_reported_central_values,https://pmc.ncbi.nlm.nih.gov/articles/PMC10641759/
GRIN2B:c.1657C>A:p.Pro553Thr,GRIN2B,p.Pro553Thr,core_likely_reduced,xie2023,"Tables 2–4, GRIN2B-P553T row.",glutamate EC50,"2.5 [1.9, 3.3]","1.3 [1.2, 1.4] µM; n=68",µM; 95% CI,11,0.52,WT EC50 / variant EC50 (agonist potency),derived_from_reported_central_values,https://pmc.ncbi.nlm.nih.gov/articles/PMC10641759/
GRIN2B:c.1657C>A:p.Pro553Thr,GRIN2B,p.Pro553Thr,core_likely_reduced,xie2023,"Tables 2–4, GRIN2B-P553T row.",glycine EC50,"1.1 [0.89, 1.3]","0.34 [0.31, 0.37] µM; n=68",µM; 95% CI,14,0.3090909090909091,WT EC50 / variant EC50 (agonist potency),derived_from_reported_central_values,https://pmc.ncbi.nlm.nih.gov/articles/PMC10641759/
GRIN2B:c.1657C>A:p.Pro553Thr,GRIN2B,p.Pro553Thr,core_likely_reduced,xie2023,"Tables 2–4, GRIN2B-P553T row.",weighted deactivation time constant (τw),198 ± 39,1061 ± 91 ms; n=16,ms,5,0.18661639962299717,variant central value / WT central value,derived_from_reported_central_values,https://pmc.ncbi.nlm.nih.gov/articles/PMC10641759/
GRIN2B:c.1657C>A:p.Pro553Thr,GRIN2B,p.Pro553Thr,core_likely_reduced,xie2023,"Tables 2–4, GRIN2B-P553T row.",peak current density,1.2 ± 0.5,19 ± 3.6 pA/pF; n=16,pA/pF,6,0.06315789473684211,variant central value / WT central value,derived_from_reported_central_values,https://pmc.ncbi.nlm.nih.gov/articles/PMC10641759/
GRIN2B:c.1657C>A:p.Pro553Thr,GRIN2B,p.Pro553Thr,core_likely_reduced,xie2023,"Tables 2–4, GRIN2B-P553T row.",channel open probability (MTSEA method),0.026 ± 0.001,0.026 ± 0.001; n=45,unitless,22,1.0,variant central value / WT central value,derived_from_reported_central_values,https://pmc.ncbi.nlm.nih.gov/articles/PMC10641759/
GRIN2B:c.1657C>A:p.Pro553Thr,GRIN2B,p.Pro553Thr,core_likely_reduced,xie2023,"Tables 2–4, GRIN2B-P553T row.",surface/total receptor ratio,121 ± 3.1,100% of WT; n=87,% of WT,15,1.21,variant central value / WT central value,derived_from_reported_central_values,https://pmc.ncbi.nlm.nih.gov/articles/PMC10641759/
GRIN2B:protein:p.Ser541Gly,GRIN2B,p.Ser541Gly,opposing_control,xie2023,"Tables 2–4, GRIN2B-S541G row.",glutamate EC50,"0.30 [0.24, 0.38]","1.3 [1.2, 1.4] µM; n=68",µM; 95% CI,11,4.333333333333334,WT EC50 / variant EC50 (agonist potency),derived_from_reported_central_values,https://pmc.ncbi.nlm.nih.gov/articles/PMC10641759/
GRIN2B:protein:p.Ser541Gly,GRIN2B,p.Ser541Gly,opposing_control,xie2023,"Tables 2–4, GRIN2B-S541G row.",glycine EC50,"0.071 [0.053, 0.095]","0.34 [0.31, 0.37] µM; n=68",µM; 95% CI,14,4.788732394366198,WT EC50 / variant EC50 (agonist potency),derived_from_reported_central_values,https://pmc.ncbi.nlm.nih.gov/articles/PMC10641759/
GRIN2B:protein:p.Ser541Gly,GRIN2B,p.Ser541Gly,opposing_control,xie2023,"Tables 2–4, GRIN2B-S541G row.",Mg2+ IC50,"30 [20, 44]","27 [23, 32] µM; n=57",µM; 95% CI,12,1.1111111111111112,variant central value / WT central value,derived_from_reported_central_values,https://pmc.ncbi.nlm.nih.gov/articles/PMC10641759/
GRIN2B:protein:p.Ser541Gly,GRIN2B,p.Ser541Gly,opposing_control,xie2023,"Tables 2–4, GRIN2B-S541G row.",weighted deactivation time constant (τw),2460 ± 362,1061 ± 91 ms; n=16,ms,7,2.3185673892554193,variant central value / WT central value,derived_from_reported_central_values,https://pmc.ncbi.nlm.nih.gov/articles/PMC10641759/
GRIN2B:protein:p.Ser541Gly,GRIN2B,p.Ser541Gly,opposing_control,xie2023,"Tables 2–4, GRIN2B-S541G row.",peak current density,3.7 ± 1.7,19 ± 3.6 pA/pF; n=16,pA/pF,7,0.19473684210526318,variant central value / WT central value,derived_from_reported_central_values,https://pmc.ncbi.nlm.nih.gov/articles/PMC10641759/
GRIN2B:protein:p.Ser541Gly,GRIN2B,p.Ser541Gly,opposing_control,xie2023,"Tables 2–4, GRIN2B-S541G row.",channel open probability (MTSEA method),0.045 ± 0.001,0.026 ± 0.001; n=45,unitless,21,1.7307692307692308,variant central value / WT central value,derived_from_reported_central_values,https://pmc.ncbi.nlm.nih.gov/articles/PMC10641759/
GRIN2B:protein:p.Ser541Gly,GRIN2B,p.Ser541Gly,opposing_control,xie2023,"Tables 2–4, GRIN2B-S541G row.",surface/total receptor ratio,60 ± 24,100% of WT; n=87,% of WT,3,0.6,variant central value / WT central value,derived_from_reported_central_values,https://pmc.ncbi.nlm.nih.gov/articles/PMC10641759/
GRIN2B:c.1916C>T:p.Ala639Val,GRIN2B,p.Ala639Val,opposing_control,xu2024,"Tables 2–3, GluN2B-A639V row; Figure 5 summarizes classification criteria.",glutamate EC50,"0.28 [0.21, 0.36]","1.2 [1.1, 1.2] µM; n=66",µM; 95% CI,12,4.285714285714286,WT EC50 / variant EC50 (agonist potency),derived_from_reported_central_values,https://pmc.ncbi.nlm.nih.gov/articles/PMC10973091/
GRIN2B:c.1916C>T:p.Ala639Val,GRIN2B,p.Ala639Val,opposing_control,xu2024,"Tables 2–3, GluN2B-A639V row; Figure 5 summarizes classification criteria.",glycine EC50,"0.065 [0.050, 0.086]","0.39 [0.35, 0.44] µM; n=62",µM; 95% CI,12,6.0,WT EC50 / variant EC50 (agonist potency),derived_from_reported_central_values,https://pmc.ncbi.nlm.nih.gov/articles/PMC10973091/
GRIN2B:c.1916C>T:p.Ala639Val,GRIN2B,p.Ala639Val,opposing_control,xu2024,"Tables 2–3, GluN2B-A639V row; Figure 5 summarizes classification criteria.",Mg2+ IC50,"14 [12, 16]","22 [20, 25] µM; n=59",µM; 95% CI,12,0.6363636363636364,variant central value / WT central value,derived_from_reported_central_values,https://pmc.ncbi.nlm.nih.gov/articles/PMC10973091/
GRIN2B:c.1916C>T:p.Ala639Val,GRIN2B,p.Ala639Val,opposing_control,xu2024,"Tables 2–3, GluN2B-A639V row; Figure 5 summarizes classification criteria.",weighted deactivation time constant (τw),7954 ± 1726,524 ± 23 ms; n=26,ms,5,15.179389312977099,variant central value / WT central value,derived_from_reported_central_values,https://pmc.ncbi.nlm.nih.gov/articles/PMC10973091/
GRIN2B:c.1916C>T:p.Ala639Val,GRIN2B,p.Ala639Val,opposing_control,xu2024,"Tables 2–3, GluN2B-A639V row; Figure 5 summarizes classification criteria.",peak current density,7.2 ± 2.0,55 ± 9.7 pA/pF; n=26,pA/pF,5,0.13090909090909092,variant central value / WT central value,derived_from_reported_central_values,https://pmc.ncbi.nlm.nih.gov/articles/PMC10973091/
GRIN2B:c.1916C>T:p.Ala639Val,GRIN2B,p.Ala639Val,opposing_control,xu2024,"Tables 2–3, GluN2B-A639V row; Figure 5 summarizes classification criteria.",channel open probability (MTSEA method),0.72 ± 0.05,0.033 ± 0.002; n=84,unitless,11,21.818181818181817,variant central value / WT central value,derived_from_reported_central_values,https://pmc.ncbi.nlm.nih.gov/articles/PMC10973091/
GRIN2B:c.1916C>T:p.Ala639Val,GRIN2B,p.Ala639Val,opposing_control,xu2024,"Tables 2–3, GluN2B-A639V row; Figure 5 summarizes classification criteria.",surface/total receptor ratio,0.13 ± 0.07,1.0 relative to WT,relative to WT,4,0.13,variant central value / WT central value,derived_from_reported_central_values,https://pmc.ncbi.nlm.nih.gov/articles/PMC10973091/
GRIN2B:c.1916C>T:p.Ala639Val,GRIN2B,p.Ala639Val,opposing_control,han2022,"Results, 'GRIN Variants Selected for Rescue Pharmacology in Triheteromeric NMDARs'; Supplemental Table S2; Table 1.","glutamate EC50, variant diheteromer","0.28 [0.21, 0.37]","1.0 [0.90, 1.2] µM; 95% CI",µM; 95% CI,,0.28,variant central value / WT central value,derived_from_reported_central_values,https://pmc.ncbi.nlm.nih.gov/articles/PMC11046977/
GRIN2B:c.1916C>T:p.Ala639Val,GRIN2B,p.Ala639Val,opposing_control,han2022,"Results, 'GRIN Variants Selected for Rescue Pharmacology in Triheteromeric NMDARs'; Supplemental Table S2; Table 1.","glycine EC50, variant diheteromer","0.07 [0.05, 0.09]","0.33 [0.26, 0.41] µM; 95% CI",µM; 95% CI,,0.21212121212121213,variant central value / WT central value,derived_from_reported_central_values,https://pmc.ncbi.nlm.nih.gov/articles/PMC11046977/
GRIN2B:c.1619G>A:p.Arg540His,GRIN2B,p.Arg540His,unresolved_control,swanger2016,"Table 2, GRIN2B-p.Arg540His row; Table 3, same variant row.",glutamate EC50,0.64 ± 0.07,1.5 ± 0.07 µM; n=57,µM,19,2.34375,WT EC50 / variant EC50 (agonist potency),derived_from_reported_central_values,https://pmc.ncbi.nlm.nih.gov/articles/PMC5142120/
GRIN2B:c.1619G>A:p.Arg540His,GRIN2B,p.Arg540His,unresolved_control,swanger2016,"Table 2, GRIN2B-p.Arg540His row; Table 3, same variant row.",glycine EC50,0.25 ± 0.02,0.38 ± 0.03 µM; n=47,µM,16,1.52,WT EC50 / variant EC50 (agonist potency),derived_from_reported_central_values,https://pmc.ncbi.nlm.nih.gov/articles/PMC5142120/
GRIN2B:c.1619G>A:p.Arg540His,GRIN2B,p.Arg540His,unresolved_control,swanger2016,"Table 2, GRIN2B-p.Arg540His row; Table 3, same variant row.",weighted deactivation time constant (τw),"1,157 ± 130",570 ± 23 ms; n=35,ms,7,2.0298245614035086,variant central value / WT central value,derived_from_reported_central_values,https://pmc.ncbi.nlm.nih.gov/articles/PMC5142120/
GRIN2B:c.1619G>A:p.Arg540His,GRIN2B,p.Arg540His,unresolved_control,swanger2016,"Table 2, GRIN2B-p.Arg540His row; Table 3, same variant row.",peak current density,35 ± 12,41 ± 5.0 pA/pF; n=31,pA/pF,7,0.8536585365853658,variant central value / WT central value,derived_from_reported_central_values,https://pmc.ncbi.nlm.nih.gov/articles/PMC5142120/
